bar,action,entry,exit,result,profit_usd,lot,score
10012,BUY,1.37304,1.3750548302594447,TP,201.48302594447108,1.0,0.942
10035,BUY,1.3755600000000001,1.3748830183469063,SL,-67.69816530938222,1.0,0.95
10036,BUY,1.3756300000000001,1.3749649456078417,SL,-66.50543921584706,1.0,0.95
10037,BUY,1.37545,1.3747585209215671,SL,-69.14790784329216,1.0,0.95
10038,BUY,1.37571,1.3750100551414552,SL,-69.99448585447432,1.0,0.95
10059,SELL,1.37385,1.3749321704116297,SL,-108.21704116297238,1.0,0.95
10086,BUY,1.37701,1.3758685485252766,SL,-114.14514747234428,1.0,0.95
10088,BUY,1.37701,1.3759174831672027,SL,-109.25168327973189,1.0,0.95
10089,BUY,1.37647,1.3753989486552598,SL,-107.10513447402815,1.0,0.95
10090,BUY,1.37667,1.375649738037027,SL,-102.02619629731124,1.0,0.95
10091,BUY,1.37636,1.3753671853200964,SL,-99.28146799036419,1.0,0.95
10101,SELL,1.37636,1.3773269343701873,SL,-96.69343701872447,1.0,0.95
10102,SELL,1.37635,1.3772890104866025,SL,-93.90104866024984,1.0,0.949
10103,SELL,1.37639,1.377285938308988,SL,-89.59383089879313,1.0,0.95
10104,SELL,1.3761700000000001,1.3770233712869175,SL,-85.33712869174259,1.0,0.95
10105,SELL,1.37626,1.3770918447664233,SL,-83.18447664232842,1.0,0.95
10126,BUY,1.37701,1.3785723331821054,TP,156.23331821053023,1.0,0.95
10127,BUY,1.37723,1.3787407379548122,TP,151.0737954812269,1.0,0.95
10128,BUY,1.3773,1.3787435423866112,TP,144.3542386611263,1.0,0.95
10129,BUY,1.37733,1.378730432216139,TP,140.0432216138947,1.0,0.95
10130,BUY,1.3775,1.3788582584864146,TP,135.82584864146872,1.0,0.95
10131,BUY,1.37737,1.3786890971659567,TP,131.9097165956684,1.0,0.95
10133,BUY,1.37769,1.3771699032223539,SL,-52.00967776461951,1.0,0.95
10138,BUY,1.3780299999999999,1.3793688464853864,TP,133.88464853865133,1.0,0.95
10141,BUY,1.37833,1.3777790399812837,SL,-55.0960018716351,1.0,0.95
10152,BUY,1.37936,1.3786854246523335,SL,-67.45753476664618,1.0,0.95
10153,BUY,1.3790200000000001,1.3784631725988765,SL,-55.68274011236163,1.0,0.95
10154,BUY,1.37931,1.3787552316989566,SL,-55.47683010433957,1.0,0.95
10156,BUY,1.37955,1.3789997150873656,SL,-55.02849126344245,1.0,0.95
10157,BUY,1.37906,1.3784890211525538,SL,-57.097884744616856,1.0,0.95
10158,BUY,1.37961,1.3789932339273714,SL,-61.676607262861616,1.0,0.95
10181,BUY,1.38073,1.3828831424849097,TP,215.31424849097203,1.0,0.95
10192,BUY,1.38119,1.380461206234449,SL,-72.87937655509057,1.0,0.95
10212,BUY,1.3823400000000001,1.3818330495599223,SL,-50.695044007786905,1.0,0.95
10219,BUY,1.38186,1.3830923849025878,TP,123.23849025877021,1.0,0.95
10240,BUY,1.38316,1.3826102062923697,SL,-54.97937076301973,1.0,0.95
10241,BUY,1.38316,1.3826160487000576,SL,-54.39512999423357,1.0,0.95
10242,BUY,1.38316,1.3826249023643393,SL,-53.50976356606196,1.0,0.95
10243,BUY,1.38327,1.382722552195458,SL,-54.74478045419673,1.0,0.95
10253,BUY,1.38407,1.3834090713687086,SL,-66.09286312913021,1.0,0.95
10254,BUY,1.38408,1.3833788519852295,SL,-70.11480147705029,1.0,0.95
10278,BUY,1.38526,1.38444507120746,SL,-81.49287925398596,1.0,0.95
10279,BUY,1.38471,1.383896708978356,SL,-81.32910216440692,1.0,0.95
10280,BUY,1.38467,1.3838839440513304,SL,-78.60559486696505,1.0,0.95
10281,BUY,1.3851200000000001,1.3843335194762356,SL,-78.648052376451,1.0,0.95
10282,BUY,1.3851200000000001,1.3843502680850759,SL,-76.97319149242432,1.0,0.95
10307,SELL,1.3848799999999999,1.385501345664413,SL,-62.13456644130755,1.0,0.95
10308,SELL,1.38477,1.385384678116955,SL,-61.467811695492536,1.0,0.95
10309,SELL,1.3848799999999999,1.3854936296800295,SL,-61.36296800296481,1.0,0.95
10354,BUY,1.38633,1.3856731128704292,SL,-65.68871295709044,1.0,0.95
10355,BUY,1.38606,1.38537031909397,SL,-68.96809060301656,1.0,0.95
10359,BUY,1.38655,1.388575672399334,TP,202.56723993341552,1.0,0.95
10361,BUY,1.38669,1.3887197889565686,TP,202.9788956568579,1.0,0.95
10366,BUY,1.3872,1.3906159465579386,TP,341.59465579386426,1.0,0.95
10375,BUY,1.38828,1.3913196788144833,TP,303.96788144833044,1.0,0.95
10380,BUY,1.38818,1.3910356620773077,TP,285.5662077307697,1.0,0.95
10405,BUY,1.3891,1.3907490095978572,TP,164.90095978571873,1.0,0.95
10406,BUY,1.38945,1.3888023678636532,SL,-64.76321363468873,1.0,0.95
10407,BUY,1.38904,1.3906398603165198,TP,159.9860316519708,1.0,0.95
10408,BUY,1.38929,1.3886640518824354,SL,-62.59481175645565,1.0,0.95
10410,SELL,1.38901,1.3895996797544308,SL,-58.96797544306942,1.0,0.946
10411,SELL,1.38891,1.3894704169148284,SL,-56.04169148283322,1.0,0.95
10414,SELL,1.389,1.3895078571289643,SL,-50.785712896428414,1.0,0.95
10415,SELL,1.3891,1.389592153048324,SL,-49.21530483239511,1.0,0.95
10417,SELL,1.38919,1.3896616829855446,SL,-47.16829855446747,1.0,0.939
10437,BUY,1.39106,1.3931115587315586,TP,205.15587315586004,1.0,0.95
10438,BUY,1.39097,1.3930325188221615,TP,206.25188221614633,1.0,0.95
10439,BUY,1.39096,1.3923332259375285,TP,137.32259375285327,1.0,0.95
10440,BUY,1.39113,1.3924608526562765,TP,133.08526562765266,1.0,0.95
10474,SELL,1.39282,1.3935556079358762,SL,-73.56079358762369,1.0,0.95
10489,BUY,1.39293,1.3923944782238749,SL,-53.55217761251474,1.0,0.95
10517,BUY,1.39357,1.393068116576626,SL,-50.188342337387226,1.0,0.95
10518,BUY,1.39343,1.3929331082497243,SL,-49.68917502756742,1.0,0.95
10519,BUY,1.39353,1.3930334576604582,SL,-49.65423395417723,1.0,0.95
10520,BUY,1.3934,1.3929012106847112,SL,-49.878931528879455,1.0,0.95
10521,BUY,1.39368,1.3931525527786606,SL,-52.7447221339461,1.0,0.95
10522,BUY,1.39361,1.3930936561516134,SL,-51.63438483866134,1.0,0.95
10523,BUY,1.39352,1.3930079664264983,SL,-51.20335735018244,1.0,0.95
10525,BUY,1.39387,1.3933536853371336,SL,-51.63146628663906,1.0,0.95
10528,BUY,1.39399,1.3934758778009046,SL,-51.41221990954126,1.0,0.942
10529,BUY,1.39401,1.39351031510084,SL,-49.968489916008,1.0,0.95
10530,BUY,1.39421,1.3935925085991894,SL,-61.749140081057696,1.0,0.95
10531,BUY,1.39428,1.39367768655639,SL,-60.231344360994754,1.0,0.95
10532,BUY,1.39425,1.3936682089452193,SL,-58.17910547807337,1.0,0.95
10533,BUY,1.39443,1.3938629797348467,SL,-56.70202651533174,1.0,0.95
10534,BUY,1.39419,1.3936334811823576,SL,-55.65188176424041,1.0,0.95
10535,BUY,1.3944,1.3938553753836178,SL,-54.46246163822721,1.0,0.95
10536,BUY,1.3944,1.3938749914276451,SL,-52.50085723549347,1.0,0.95
10582,SELL,1.39174,1.3888342888997123,TP,290.57111002877,1.0,0.95
10583,SELL,1.39144,1.3885779111211616,TP,286.20888788384315,1.0,0.95
10585,SELL,1.39116,1.3885512090789607,TP,260.87909210392723,1.0,0.95
10601,SELL,1.39025,1.3908620529346991,SL,-61.20529346991255,1.0,0.95
10602,SELL,1.3906399999999999,1.3891077342587344,TP,153.2265741265526,1.0,0.95
10609,BUY,1.3909,1.3903891089769131,SL,-51.089102308687906,1.0,0.95
10627,SELL,1.38949,1.3902481603481889,SL,-75.81603481889854,1.0,0.95
10629,SELL,1.38933,1.3901095974430813,SL,-77.95974430813146,1.0,0.95
10633,SELL,1.38954,1.3903057608957685,SL,-76.57608957685191,1.0,0.95
10637,SELL,1.38875,1.3895113092707216,SL,-76.13092707217106,1.0,0.95
10639,SELL,1.38871,1.3895618636058775,SL,-85.1863605877412,1.0,0.94
10680,SELL,1.38745,1.3880740270901628,SL,-62.40270901627376,1.0,0.95
10681,SELL,1.38736,1.3879565965837224,SL,-59.659658372246405,1.0,0.95
10682,SELL,1.38742,1.3879996968277424,SL,-57.969682774228204,1.0,0.95
10683,SELL,1.38746,1.3880137184829036,SL,-55.371848290364234,1.0,0.95
10684,SELL,1.38776,1.388302452876982,SL,-54.24528769819581,1.0,0.95
10688,SELL,1.38723,1.3877912842726854,SL,-56.1284272685425,1.0,0.95
10710,BUY,1.39124,1.39287,TIMEOUT,163.00000000000205,1.0,0.95
10712,BUY,1.39132,1.3935588330800166,TP,223.8833080016711,1.0,0.95
10718,BUY,1.39161,1.3907376334874144,SL,-87.23665125855985,1.0,0.946
10747,SELL,1.39119,1.3920517958692313,SL,-86.17958692314076,1.0,0.939
10790,BUY,1.39256,1.3922055308198704,SL,-35.44691801296018,1.0,0.95
10791,BUY,1.39252,1.3921822786184512,SL,-33.77213815487501,1.0,0.95
10792,BUY,1.39242,1.3920926872885617,SL,-32.73127114382657,1.0,0.95
10796,BUY,1.3924699999999999,1.3921912397347098,SL,-27.87602652900567,1.0,0.95
10797,BUY,1.3924699999999999,1.3922077226108018,SL,-26.22773891980401,1.0,0.95
10798,BUY,1.3924,1.392147885281459,SL,-25.211471854102996,1.0,0.95
10799,BUY,1.39248,1.3922356077613547,SL,-24.43922386452524,1.0,0.95
10800,BUY,1.3925100000000001,1.392272778635544,SL,-23.72213644561416,1.0,0.95
10801,BUY,1.39254,1.3923111515901476,SL,-22.884840985226695,1.0,0.95
10802,BUY,1.39265,1.3924272121908514,SL,-22.278780914852803,1.0,0.95
10803,BUY,1.39234,1.3921048398915048,SL,-23.51601084951138,1.0,0.95
10810,SELL,1.39198,1.3922408120951717,SL,-26.0812095171703,1.0,0.95
10811,SELL,1.39194,1.3922018969455165,SL,-26.189694551659315,1.0,0.95
10816,SELL,1.39198,1.3922591062328786,SL,-27.910623287863423,1.0,0.95
10817,SELL,1.39197,1.3922480272162443,SL,-27.802721624436977,1.0,0.95
10818,SELL,1.39188,1.3921553109865126,SL,-27.53109865125669,1.0,0.95
10820,SELL,1.39205,1.392316099779187,SL,-26.609977918701233,1.0,0.946
10828,BUY,1.3926,1.3933017881222283,TP,70.17881222282085,1.0,0.949
10829,BUY,1.39287,1.393596660399212,TP,72.66603992119869,1.0,0.95
10830,BUY,1.39264,1.393443327513554,TP,80.3327513553942,1.0,0.95
10842,BUY,1.39418,1.3935867252790506,SL,-59.32747209493883,1.0,0.95
10843,BUY,1.39444,1.3938387449019753,SL,-60.12550980245557,1.0,0.95
10844,BUY,1.39424,1.3936549059804058,SL,-58.509401959416785,1.0,0.95
10845,BUY,1.39422,1.3936306269818053,SL,-58.937301819472765,1.0,0.95
10846,BUY,1.39439,1.3938159393402478,SL,-57.40606597521847,1.0,0.95
10847,BUY,1.39423,1.3936723008159446,SL,-55.769918405546015,1.0,0.95
10848,BUY,1.39419,1.3936303507576626,SL,-55.96492423374233,1.0,0.95
10849,BUY,1.39419,1.3936296114178297,SL,-56.03885821703347,1.0,0.95
10850,BUY,1.39417,1.3936207106022702,SL,-54.92893977296909,1.0,0.95
10856,BUY,1.39442,1.3940410424017027,SL,-37.89575982973137,1.0,0.943
10881,BUY,1.39469,1.3942470696333273,SL,-44.293036667264474,1.0,0.95
10882,BUY,1.39468,1.3942558503738038,SL,-42.41496261960798,1.0,0.95
10883,BUY,1.39469,1.3942875753471036,SL,-40.24246528964159,1.0,0.95
10884,BUY,1.39473,1.3943443199651677,SL,-38.56800348323031,1.0,0.95
10891,SELL,1.39397,1.3929275227360283,TP,104.24772639716639,1.0,0.945
10893,SELL,1.39365,1.3940548544032882,SL,-40.48544032881907,1.0,0.95
10894,SELL,1.3937300000000001,1.394118793374482,SL,-38.879337448194384,1.0,0.95
10895,SELL,1.39379,1.3941621652763048,SL,-37.21652763046812,1.0,0.95
10896,SELL,1.3938,1.3941584391851398,SL,-35.84391851398916,1.0,0.95
10898,SELL,1.39371,1.3940536541953503,SL,-34.365419535031805,1.0,0.943
10899,SELL,1.3938,1.3941336788956824,SL,-33.367889568247655,1.0,0.95
10901,SELL,1.39391,1.3930855646253784,TP,82.44353746216237,1.0,0.95
10902,SELL,1.39412,1.3932858814378515,TP,83.41185621485448,1.0,0.936
10903,SELL,1.39391,1.3930647470494335,TP,84.52529505664774,1.0,0.95
10904,SELL,1.39354,1.3938959510959248,SL,-35.59510959247891,1.0,0.95
10915,SELL,1.3921000000000001,1.3927249564705806,SL,-62.49564705804733,1.0,0.95
10916,SELL,1.3921000000000001,1.3927360310083963,SL,-63.6031008396154,1.0,0.95
10918,SELL,1.39229,1.3903933534629753,TP,189.66465370247045,1.0,0.95
10919,SELL,1.3925100000000001,1.390645971072763,TP,186.4028927237138,1.0,0.95
10920,SELL,1.3924,1.3905051874247083,TP,189.4812575291782,1.0,0.95
10921,SELL,1.3924400000000001,1.3905487454658008,TP,189.12545341993604,1.0,0.95
10922,SELL,1.39194,1.3925811025939188,SL,-64.11025939188076,1.0,0.95
10923,SELL,1.3924,1.3904404999169402,TP,195.9500083059895,1.0,0.95
10924,SELL,1.39191,1.392574369073328,SL,-66.43690733281193,1.0,0.95
10925,SELL,1.39192,1.392594771282376,SL,-67.47712823760298,1.0,0.95
10952,BUY,1.39177,1.3911108862628891,SL,-65.91137371108059,1.0,0.937
10959,SELL,1.39107,1.3916234036609012,SL,-55.3403660901175,1.0,0.95
10965,SELL,1.39094,1.3915250450533834,SL,-58.504505338330404,1.0,0.95
10984,BUY,1.3925100000000001,1.3919658216559259,SL,-54.417834407427534,1.0,0.95
10985,BUY,1.3924,1.3918721915376455,SL,-52.7808462354562,1.0,0.95
10986,BUY,1.39234,1.3918284635706706,SL,-51.1536429329329,1.0,0.95
10987,BUY,1.39195,1.3914300018870513,SL,-51.99981129486719,1.0,0.95
10988,BUY,1.39204,1.3915432160379761,SL,-49.67839620237946,1.0,0.95
10989,BUY,1.39196,1.391482629178121,SL,-47.73708218790418,1.0,0.95
10990,BUY,1.39193,1.3915633816751753,SL,-36.66183248245414,1.0,0.95
11005,SELL,1.39154,1.3920515986993567,SL,-51.15986993566857,1.0,0.936
11045,SELL,1.39029,1.3883807386108806,TP,190.9261389119399,1.0,0.95
11047,SELL,1.39008,1.3881919123736675,TP,188.8087626332524,1.0,0.95
11054,SELL,1.38931,1.3863814000845411,TP,292.8599915458907,1.0,0.95
11055,SELL,1.38924,1.3863148715070739,TP,292.51284929261436,1.0,0.95
11111,BUY,1.38638,1.3853798090686695,SL,-100.01909313304137,1.0,0.95
11115,BUY,1.38614,1.385020458970488,SL,-111.95410295119501,1.0,0.95
11116,BUY,1.3862999999999999,1.3852079261868817,SL,-109.20738131181551,1.0,0.95
11129,SELL,1.3848099999999999,1.3860247086300423,SL,-121.47086300424715,1.0,0.95
11130,SELL,1.38474,1.3859082294421823,SL,-116.82294421822004,1.0,0.948
11153,SELL,1.38402,1.3849014328042444,SL,-88.14328042443532,1.0,0.95
11168,BUY,1.38532,1.384752165868483,SL,-56.78341315171753,1.0,0.95
11169,BUY,1.38552,1.3849610111635913,SL,-55.89888364088136,1.0,0.95
11171,BUY,1.38548,1.3849159126869741,SL,-56.40873130259294,1.0,0.95
11173,BUY,1.38541,1.3848535165515237,SL,-55.648344847636366,1.0,0.95
11174,BUY,1.3851,1.3845558367978432,SL,-54.41632021567777,1.0,0.95
11186,SELL,1.38467,1.385083822315051,SL,-41.38223150509379,1.0,0.95
11210,SELL,1.38462,1.383445343555373,TP,117.4656444626887,1.0,0.936
11223,SELL,1.38292,1.3840855666590992,SL,-116.5566659099282,1.0,0.95
11225,SELL,1.38284,1.3840982437009581,SL,-125.82437009580616,1.0,0.95
11233,SELL,1.38162,1.3828575103018694,SL,-123.751030186936,1.0,0.95
11261,BUY,1.38255,1.3820273793524387,SL,-52.2620647561256,1.0,0.95
11262,BUY,1.38254,1.3820375665415505,SL,-50.24334584495804,1.0,0.95
11263,BUY,1.38247,1.381982883217154,SL,-48.71167828461864,1.0,0.95
11264,BUY,1.38243,1.3819639629873572,SL,-46.603701264280595,1.0,0.95
11269,BUY,1.38245,1.3836056868814668,TP,115.56868814668331,1.0,0.95
11270,BUY,1.3826800000000001,1.3822207448725983,SL,-45.92551274018586,1.0,0.95
11271,BUY,1.38235,1.3834932708314687,TP,114.32708314687012,1.0,0.95
11272,BUY,1.38239,1.383481608629221,TP,109.16086292209748,1.0,0.95
11273,BUY,1.38235,1.3834000651557052,TP,105.00651557052709,1.0,0.95
11276,BUY,1.38233,1.383313076948646,TP,98.30769486458557,1.0,0.936
11287,BUY,1.3829500000000001,1.3838521952713756,TP,90.21952713754722,1.0,0.95
11288,BUY,1.38309,1.3839706098948485,TP,88.06098948486164,1.0,0.95
11289,BUY,1.38319,1.3840719949023594,TP,88.19949023595174,1.0,0.95
11290,BUY,1.38335,1.3842332809807625,TP,88.3280980762402,1.0,0.95
11295,BUY,1.38381,1.3832606952226099,SL,-54.930477739012495,1.0,0.95
11296,BUY,1.38371,1.3831699312781376,SL,-54.006872186240784,1.0,0.95
11298,BUY,1.38373,1.383087466255129,SL,-64.25337448709989,1.0,0.95
11299,BUY,1.38355,1.3828955043797626,SL,-65.44956202374496,1.0,0.942
11301,BUY,1.38372,1.3830958175519381,SL,-62.418244806194956,1.0,0.95
11303,BUY,1.38374,1.3831313171748854,SL,-60.86828251146148,1.0,0.95
11304,BUY,1.38382,1.3832237230909652,SL,-59.62769090348541,1.0,0.95
11316,SELL,1.3817,1.3827189747232622,SL,-101.89747232622892,1.0,0.95
11334,BUY,1.38255,1.3856505208060497,TP,310.0520806049723,1.0,0.95
11335,BUY,1.38255,1.384552941451364,TP,200.29414513640376,1.0,0.949
11337,BUY,1.38296,1.3848919750269415,TP,193.19750269415348,1.0,0.95
11338,BUY,1.38313,1.3849946910964457,TP,186.4691096445714,1.0,0.95
11339,BUY,1.38323,1.3850129274466996,TP,178.29274466996114,1.0,0.95
11359,BUY,1.38665,1.3857873994706178,SL,-86.26005293821405,1.0,0.95
11360,BUY,1.38626,1.385414013794145,SL,-84.59862058549649,1.0,0.95
11361,BUY,1.38586,1.385017655665992,SL,-84.23443340079828,1.0,0.95
11362,BUY,1.3862,1.385377108832707,SL,-82.28911672931716,1.0,0.95
11363,BUY,1.3866100000000001,1.3857966010589422,SL,-81.3398941057919,1.0,0.95
11364,BUY,1.38633,1.3855307724118748,SL,-79.92275881252286,1.0,0.95
11373,SELL,1.38587,1.384574543915261,TP,129.54560847389106,1.0,0.95
11374,SELL,1.38597,1.384726362207028,TP,124.36377929718745,1.0,0.95
11375,SELL,1.38595,1.3847394791922405,TP,121.05208077595186,1.0,0.95
11376,SELL,1.38593,1.3847459449642234,TP,118.40550357766766,1.0,0.95
11377,SELL,1.38625,1.3850669488953502,TP,118.30511046497793,1.0,0.95
11383,SELL,1.3856600000000001,1.384521955368912,TP,113.804463108802,1.0,0.95
11384,SELL,1.3854600000000001,1.3842832442711328,TP,117.67557288673291,1.0,0.95
11393,SELL,1.3845100000000001,1.3851494679526057,SL,-63.94679526056102,1.0,0.95
11394,SELL,1.38452,1.3851545059559909,SL,-63.4505955990905,1.0,0.95
11395,SELL,1.38452,1.3851381126734201,SL,-61.8112673420157,1.0,0.95
11396,SELL,1.38439,1.385006818911033,SL,-61.681891103293474,1.0,0.95
11397,SELL,1.38441,1.3850170461316735,SL,-60.70461316736164,1.0,0.95
11398,SELL,1.38419,1.3847933285508396,SL,-60.33285508395547,1.0,0.95
11399,SELL,1.38412,1.3847209479400655,SL,-60.094794006548824,1.0,0.95
11400,SELL,1.38413,1.3847158802300608,SL,-58.58802300606758,1.0,0.95
11403,SELL,1.38404,1.3846982667148118,SL,-65.82667148118392,1.0,0.95
11440,SELL,1.37904,1.3767276462912148,TP,231.23537087852418,1.0,0.95
11441,SELL,1.37888,1.3766396001275567,TP,224.03998724433993,1.0,0.95
11443,SELL,1.37886,1.37671286949774,TP,214.71305022600086,1.0,0.95
11450,SELL,1.37865,1.376931770387243,TP,171.82296127569163,1.0,0.95
11479,SELL,1.37797,1.3767275726014798,TP,124.24273985200962,1.0,0.938
11501,SELL,1.37534,1.3761280946917656,SL,-78.80946917655507,1.0,0.95
11531,BUY,1.37697,1.3761414353993366,SL,-82.8564600663384,1.0,0.95
11532,BUY,1.37703,1.376229547156527,SL,-80.04528434730761,1.0,0.95
11533,BUY,1.37687,1.376083865216775,SL,-78.61347832249788,1.0,0.95
11546,SELL,1.37665,1.3770807515524177,SL,-43.07515524177852,1.0,0.934
11548,SELL,1.37664,1.3770629031242787,SL,-42.29031242786174,1.0,0.95
11557,BUY,1.37743,1.3770254905314916,SL,-40.45094685083406,1.0,0.95
11562,BUY,1.37769,1.3772900462863487,SL,-39.99537136514242,1.0,0.95
11563,BUY,1.37774,1.3773549001230379,SL,-38.50998769621139,1.0,0.95
11564,BUY,1.37755,1.3771658358285352,SL,-38.4164171464807,1.0,0.95
11565,BUY,1.37757,1.3771978475550684,SL,-37.215244493160604,1.0,0.95
11566,BUY,1.37761,1.3772464298725635,SL,-36.35701274364855,1.0,0.95
11567,BUY,1.37755,1.377197827738809,SL,-35.21722611909972,1.0,0.95
11568,BUY,1.37751,1.3771692686146084,SL,-34.07313853915905,1.0,0.95
11577,SELL,1.37659,1.3770203959689178,SL,-43.03959689178072,1.0,0.95
11580,SELL,1.37679,1.377274361495522,SL,-48.436149552211205,1.0,0.95
11581,SELL,1.37672,1.3771971928172704,SL,-47.71928172704332,1.0,0.95
11582,SELL,1.37633,1.3768279647588941,SL,-49.79647588940761,1.0,0.95
11583,SELL,1.37661,1.377129824418973,SL,-51.9824418973025,1.0,0.95
11584,SELL,1.3766,1.3771186941033322,SL,-51.86941033321624,1.0,0.95
11597,BUY,1.37804,1.3773258896007738,SL,-71.41103992260867,1.0,0.95
11628,SELL,1.37309,1.3739047548403627,SL,-81.47548403627525,1.0,0.95
11652,SELL,1.37286,1.3734411211289301,SL,-58.11211289301621,1.0,0.95
11653,SELL,1.37284,1.373422469619721,SL,-58.24696197209711,1.0,0.95
11654,SELL,1.3726099999999999,1.3731851503611694,SL,-57.515036116950746,1.0,0.95
11662,SELL,1.3717,1.3722446562101691,SL,-54.46562101691921,1.0,0.95
11663,SELL,1.37181,1.372330752195157,SL,-52.07521951571259,1.0,0.95
11664,SELL,1.37185,1.3723474841812173,SL,-49.74841812173114,1.0,0.95
11665,SELL,1.3719700000000001,1.3724555210254163,SL,-48.552102541621345,1.0,0.95
11666,SELL,1.37228,1.3727769123807434,SL,-49.69123807434528,1.0,0.95
11667,SELL,1.37229,1.3728082043535477,SL,-51.82043535476577,1.0,0.95
11672,SELL,1.37171,1.3723229484069914,SL,-61.29484069914426,1.0,0.95
11677,BUY,1.37243,1.373776911174946,TP,134.69111749460083,1.0,0.95
11678,BUY,1.37275,1.372187147277877,SL,-56.28527221228641,1.0,0.95
11680,BUY,1.37284,1.3722379280100065,SL,-60.20719899935134,1.0,0.95
11682,BUY,1.3732199999999999,1.372611723641281,SL,-60.82763587189621,1.0,0.95
11683,BUY,1.37291,1.3722851719526181,SL,-62.48280473819534,1.0,0.95
11684,BUY,1.3729,1.3722846596702882,SL,-61.534032971177766,1.0,0.941
11687,BUY,1.37351,1.3728929815217286,SL,-61.70184782714472,1.0,0.95
11693,BUY,1.37299,1.3723811917106064,SL,-60.88082893935809,1.0,0.95
11704,SELL,1.37147,1.3695324918300682,TP,193.75081699317676,1.0,0.95
11706,SELL,1.37122,1.3693078628534774,TP,191.21371465227188,1.0,0.95
11711,SELL,1.3707500000000001,1.3679514360807332,TP,279.85639192669163,1.0,0.95
11713,SELL,1.37066,1.367824273967571,TP,283.5726032428987,1.0,0.95
11714,SELL,1.3706,1.36780932582703,TP,279.0674172969965,1.0,0.95
11715,SELL,1.37064,1.368861011226257,TP,177.8988773743162,1.0,0.95
11716,SELL,1.37057,1.3688473675672386,TP,172.2632432761495,1.0,0.95
11717,SELL,1.37035,1.3686689841695785,TP,168.10158304214616,1.0,0.95
11718,SELL,1.3704399999999999,1.3688276281574656,TP,161.2371842534266,1.0,0.95
11720,SELL,1.37016,1.3678383609077427,TP,232.1639092257355,1.0,0.95
11726,SELL,1.36994,1.3705397507711943,SL,-59.97507711943406,1.0,0.95
11757,SELL,1.3692199999999999,1.3683970369224223,TP,82.29630775775654,1.0,0.95
11766,SELL,1.36844,1.3670276691140857,TP,141.23308859144146,1.0,0.95
11767,SELL,1.36859,1.367188549891651,TP,140.14501083490228,1.0,0.95
11768,SELL,1.36869,1.3672150820422473,TP,147.4917957752675,1.0,0.95
11769,SELL,1.36884,1.3673354333249441,TP,150.45666750559406,1.0,0.95
11771,SELL,1.36838,1.366717184856712,TP,166.2815143288032,1.0,0.95
11772,SELL,1.36821,1.3665084573669468,TP,170.15426330531102,1.0,0.95
11777,SELL,1.36762,1.3682237884226403,SL,-60.37884226401946,1.0,0.95
11778,SELL,1.36758,1.3681770892495946,SL,-59.70892495945623,1.0,0.95
11779,SELL,1.36789,1.3660948942332725,TP,179.51057667275893,1.0,0.95
11787,SELL,1.36741,1.3655741467984845,TP,183.58532015154694,1.0,0.95
11789,SELL,1.3673600000000001,1.3679719118895513,SL,-61.191188955112,1.0,0.95
11813,BUY,1.36737,1.369584232844596,TP,221.42328445959868,1.0,0.95
11814,BUY,1.36777,1.3699375019271247,TP,216.7501927124782,1.0,0.95
11818,BUY,1.36798,1.3701296575005364,TP,214.96575005364173,1.0,0.95
11824,BUY,1.3686,1.36754325723255,SL,-105.67427674499363,1.0,0.939
11827,BUY,1.3687,1.3708550210350492,TP,215.5021035049165,1.0,0.95
11838,BUY,1.3697,1.3687606918214008,SL,-93.93081785991075,1.0,0.95
11842,BUY,1.3702,1.3694978290110587,SL,-70.21709889414308,1.0,0.95
11843,BUY,1.36987,1.3691682697959828,SL,-70.17302040170925,1.0,0.95
11844,BUY,1.37003,1.369347536239127,SL,-68.24637608731088,1.0,0.95
11845,BUY,1.36982,1.369151140793475,SL,-66.88592065249298,1.0,0.95
11850,SELL,1.36948,1.3700412547922152,SL,-56.125479221513785,1.0,0.95
11851,SELL,1.36929,1.3698334508784853,SL,-54.34508784853964,1.0,0.95
11852,SELL,1.36944,1.3699600615300223,SL,-52.00615300222644,1.0,0.938
11853,SELL,1.36928,1.369781771420735,SL,-50.17714207349311,1.0,0.95
11854,SELL,1.36934,1.3698162163192538,SL,-47.621631925376384,1.0,0.95
11855,SELL,1.3693,1.3697550580107356,SL,-45.50580107356428,1.0,0.95
11856,SELL,1.36947,1.3699105538671117,SL,-44.055386711172595,1.0,0.95
11857,SELL,1.36944,1.3698610857337465,SL,-42.10857337465512,1.0,0.95
11879,SELL,1.36917,1.3696806012890572,SL,-51.0601289057222,1.0,0.95
11880,SELL,1.3691900000000001,1.369709558339839,SL,-51.95583398389658,1.0,0.935
11881,SELL,1.36862,1.369160732744136,SL,-54.07327441360188,1.0,0.95
11882,SELL,1.36863,1.3691612518338407,SL,-53.125183384072905,1.0,0.95
11915,SELL,1.36423,1.3650567127513151,SL,-82.67127513150729,1.0,0.95
11916,SELL,1.36469,1.3655283761262211,SL,-83.83761262211742,1.0,0.944
11917,SELL,1.3645399999999999,1.3653656349743482,SL,-82.56349743482883,1.0,0.934
11948,BUY,1.36482,1.3644172067004796,SL,-40.279329952030984,1.0,0.95
11972,BUY,1.36606,1.365401371501526,SL,-65.86284984739788,1.0,0.95
11974,BUY,1.36565,1.36496891216203,SL,-68.10878379699403,1.0,0.947
11975,BUY,1.36566,1.365000775579028,SL,-65.92244209719934,1.0,0.946
11977,BUY,1.3658299999999999,1.3651832197594678,SL,-64.67802405321078,1.0,0.949
11985,SELL,1.36514,1.363891229967804,TP,124.87700321959227,1.0,0.95
11996,SELL,1.36435,1.3650788537548475,SL,-72.88537548475472,1.0,0.95
11997,SELL,1.36437,1.3650905070580728,SL,-72.05070580726947,1.0,0.95
12008,BUY,1.3659,1.364968451718661,SL,-93.154828133879,1.0,0.95
12009,BUY,1.36581,1.3648901337387567,SL,-91.98662612432962,1.0,0.95
12010,BUY,1.36566,1.3647604099002744,SL,-89.95900997257334,1.0,0.95
12016,BUY,1.3660700000000001,1.3650570823867942,SL,-101.29176132058771,1.0,0.94
12017,BUY,1.36631,1.3653480050734517,SL,-96.19949265482487,1.0,0.95
12031,SELL,1.36571,1.3662606427073085,SL,-55.064270730853515,1.0,0.95
12032,SELL,1.36561,1.366139311085358,SL,-52.93110853579197,1.0,0.95
12063,SELL,1.36473,1.3652495051894276,SL,-51.95051894275604,1.0,0.95
12064,SELL,1.36468,1.3651941119616111,SL,-51.411196161121886,1.0,0.95
12065,SELL,1.36486,1.3653708182500677,SL,-51.081825006771275,1.0,0.95
12081,BUY,1.36646,1.3658798090973727,SL,-58.01909026272867,1.0,0.95
12104,BUY,1.36655,1.3680521854384327,TP,150.21854384327239,1.0,0.95
12105,BUY,1.36631,1.3677991721928302,TP,148.91721928302903,1.0,0.95
12106,BUY,1.36656,1.3680413741790567,TP,148.13741790566937,1.0,0.95
12107,BUY,1.36684,1.3662589181620648,SL,-58.108183793526,1.0,0.95
12112,BUY,1.36721,1.3666580061454072,SL,-55.19938545928138,1.0,0.95
12114,BUY,1.36708,1.3665117195845604,SL,-56.828041543965924,1.0,0.95
12115,BUY,1.36682,1.3662468824713774,SL,-57.31175286225465,1.0,0.95
12116,BUY,1.3667500000000001,1.3661869622948506,SL,-56.30377051495383,1.0,0.95
12117,BUY,1.3671,1.366531750702361,SL,-56.824929763887866,1.0,0.95
12118,BUY,1.36704,1.366502054223621,SL,-53.794577637900076,1.0,0.95
12119,BUY,1.36711,1.3666001932076481,SL,-50.980679235190784,1.0,0.95
12125,BUY,1.3675899999999999,1.3671507266852054,SL,-43.927331479443055,1.0,0.95
12146,BUY,1.3673600000000001,1.36698483195565,SL,-37.5168044350227,1.0,0.95
12157,SELL,1.3663,1.3667561218376083,SL,-45.612183760823655,1.0,0.95
12159,SELL,1.36631,1.366760717298754,SL,-45.07172987540109,1.0,0.95
12160,SELL,1.3663699999999999,1.3668176660631286,SL,-44.76660631287377,1.0,0.95
12179,BUY,1.36803,1.3673387034566553,SL,-69.1296543344766,1.0,0.95
12180,BUY,1.3683,1.3675903674954655,SL,-70.96325045345964,1.0,0.95
12201,BUY,1.36964,1.368487482049589,SL,-115.25179504110471,1.0,0.95
12202,BUY,1.36963,1.3685255190460468,SL,-110.44809539531019,1.0,0.95
12203,BUY,1.3697,1.3686229819713291,SL,-107.7018028670773,1.0,0.95
12205,BUY,1.36989,1.3688444079242585,SL,-104.55920757415083,1.0,0.939
12215,SELL,1.36964,1.3703232414901907,SL,-68.32414901907225,1.0,0.95
12231,BUY,1.37038,1.3699562944067842,SL,-42.37055932156952,1.0,0.95
12236,BUY,1.37101,1.3704706146973225,SL,-53.938530267760854,1.0,0.95
12237,BUY,1.37097,1.3704359279332279,SL,-53.40720667721399,1.0,0.95
12238,BUY,1.37097,1.3704569330808545,SL,-51.30669191455439,1.0,0.95
12239,BUY,1.37111,1.3706057235750793,SL,-50.427642492079094,1.0,0.95
12240,BUY,1.37097,1.370463171891145,SL,-50.68281088549398,1.0,0.95
12241,BUY,1.3710499999999999,1.3705568738989202,SL,-49.312610107965504,1.0,0.95
12242,BUY,1.37079,1.370295668620426,SL,-49.433137957399786,1.0,0.95
12243,BUY,1.3706800000000001,1.37019740657611,SL,-48.25934238901208,1.0,0.95
12245,BUY,1.37107,1.370548580160013,SL,-52.14198399869918,1.0,0.95
12246,BUY,1.37113,1.3706158244342979,SL,-51.41755657021019,1.0,0.95
12247,BUY,1.3709,1.370378622688991,SL,-52.13773110090969,1.0,0.95
12248,BUY,1.3709799999999999,1.3704744353540628,SL,-50.55646459370955,1.0,0.95
12266,SELL,1.36876,1.3694354447220463,SL,-67.54447220462811,1.0,0.95
12271,SELL,1.36837,1.3691178681914211,SL,-74.78681914210306,1.0,0.95
12272,SELL,1.36811,1.3688633776063193,SL,-75.33776063193275,1.0,0.95
12300,SELL,1.36656,1.3671814109867084,SL,-62.14109867084261,1.0,0.95
12301,SELL,1.36661,1.3672341673448007,SL,-62.41673448006413,1.0,0.95
12302,SELL,1.36682,1.3674745839630291,SL,-65.45839630291982,1.0,0.95
12303,SELL,1.36677,1.3674260422513842,SL,-65.6042251384159,1.0,0.95
12304,SELL,1.36638,1.3669256313867426,SL,-54.56313867426843,1.0,0.95
12329,SELL,1.36631,1.3645119503767762,TP,179.80496232237186,1.0,0.95
12330,SELL,1.3663,1.3645596682070067,TP,174.0331792993377,1.0,0.95
12331,SELL,1.3661400000000001,1.366704388412117,SL,-56.43884121169229,1.0,0.95
12332,SELL,1.36629,1.3646438465662456,TP,164.6153433754405,1.0,0.95
12333,SELL,1.36638,1.3648000003829421,TP,157.99996170577924,1.0,0.95
12334,SELL,1.36626,1.3647060717841608,TP,155.39282158392177,1.0,0.95
12335,SELL,1.36612,1.3666245492096645,SL,-50.454920966447325,1.0,0.95
12336,SELL,1.3664100000000001,1.3648791129159346,TP,153.08870840655686,1.0,0.95
12337,SELL,1.3665,1.3650270334219392,TP,147.29665780608414,1.0,0.95
12338,SELL,1.3663,1.3648454596060864,TP,145.45403939136835,1.0,0.95
12385,BUY,1.36205,1.3646182447772912,TP,256.82447772912286,1.0,0.95
12387,BUY,1.36182,1.364341190649807,TP,252.1190649807048,1.0,0.95
12388,BUY,1.3620700000000001,1.3645332484605353,TP,246.3248460535139,1.0,0.95
12389,BUY,1.36177,1.3641794449990683,TP,240.94449990683665,1.0,0.95
12390,BUY,1.3620999999999999,1.3612813622621929,SL,-81.86377378069932,1.0,0.95
12391,BUY,1.36237,1.3615680506720365,SL,-80.19493279636248,1.0,0.95
12394,BUY,1.36263,1.36188102854463,SL,-74.89714553701177,1.0,0.95
12395,BUY,1.36273,1.3619927407914418,SL,-73.72592085581609,1.0,0.95
12416,SELL,1.3625,1.3629876832009808,SL,-48.76832009808041,1.0,0.95
12425,BUY,1.36346,1.3646400587105978,TP,118.00587105978977,1.0,0.95
12426,BUY,1.3634,1.364540768802698,TP,114.0768802698089,1.0,0.95
12427,BUY,1.3635,1.364619285316791,TP,111.92853167911743,1.0,0.95
12428,BUY,1.36317,1.3643057649370203,TP,113.57649370202782,1.0,0.95
12429,BUY,1.3633600000000001,1.3644832102986617,TP,112.32102986615811,1.0,0.95
12430,BUY,1.36344,1.364521552420186,TP,108.15524201859273,1.0,0.95
12431,BUY,1.3632,1.3642792986758867,TP,107.92986758867417,1.0,0.95
12432,BUY,1.3633199999999999,1.364373634484752,TP,105.36344847520418,1.0,0.95
12433,BUY,1.3636599999999999,1.363223221477092,SL,-43.67785229077992,1.0,0.95
12434,BUY,1.36333,1.364429664428179,TP,109.96644281791035,1.0,0.95
12435,BUY,1.36381,1.3633569817838191,SL,-45.30182161808227,1.0,0.95
12436,BUY,1.36374,1.363289340227832,SL,-45.06597721678496,1.0,0.95
12467,BUY,1.36672,1.3698631541065531,TP,314.3154106553192,1.0,0.95
12468,BUY,1.36659,1.3696275716703707,TP,303.7571670370776,1.0,0.95
12469,BUY,1.36695,1.3700213165510586,TP,307.13165510585225,1.0,0.95
12470,BUY,1.36687,1.3698697939402686,TP,299.97939402686137,1.0,0.95
12487,BUY,1.36826,1.3673555053407236,SL,-90.44946592764447,1.0,0.941
12490,BUY,1.36843,1.3675921083212719,SL,-83.78916787281642,1.0,0.95
12518,BUY,1.36817,1.3676563512582582,SL,-51.36487417418678,1.0,0.95
12519,BUY,1.36846,1.3679410404540968,SL,-51.895954590319704,1.0,0.95
12520,BUY,1.36845,1.367932966135947,SL,-51.70338640529959,1.0,0.95
12529,BUY,1.36886,1.3684529736044566,SL,-40.702639554335285,1.0,0.95
12530,BUY,1.3688500000000001,1.3684557612041384,SL,-39.42387958617566,1.0,0.95
12531,BUY,1.3688500000000001,1.3684582068324143,SL,-39.179316758586324,1.0,0.95
12532,BUY,1.3689,1.3685147634872417,SL,-38.52365127583468,1.0,0.95
12553,SELL,1.36807,1.368618648581699,SL,-54.86485816990072,1.0,0.95
12554,SELL,1.36796,1.3684994593972921,SL,-53.94593972920525,1.0,0.95
12556,SELL,1.3679700000000001,1.368512044072155,SL,-54.204407215485695,1.0,0.947
12607,SELL,1.36727,1.3678816652033476,SL,-61.16652033476555,1.0,0.95
12624,BUY,1.3686,1.3681104256651806,SL,-48.95743348194426,1.0,0.95
12625,BUY,1.3682699999999999,1.367775109546239,SL,-49.48904537609433,1.0,0.95
12626,BUY,1.36829,1.3678090302929362,SL,-48.096970706379416,1.0,0.95
12627,BUY,1.36819,1.3677073852720123,SL,-48.2614727987718,1.0,0.95
12628,BUY,1.36867,1.3681730006097257,SL,-49.699939027436635,1.0,0.95
12629,BUY,1.36857,1.368060500566174,SL,-50.9499433826166,1.0,0.95
12641,SELL,1.3667799999999999,1.36529480408094,TP,148.51959190598228,1.0,0.95
12642,SELL,1.36696,1.365508032360873,TP,145.19676391269167,1.0,0.95
12645,SELL,1.36681,1.3652889165804805,TP,152.108341951962,1.0,0.95
12651,SELL,1.366,1.367024103501802,SL,-102.41035018019318,1.0,0.95
12652,SELL,1.36625,1.3672555961088162,SL,-100.55961088162313,1.0,0.95
12710,SELL,1.35736,1.3579330384812454,SL,-57.30384812454581,1.0,0.949
12713,SELL,1.35731,1.357874692253388,SL,-56.4692253387955,1.0,0.95
12714,SELL,1.3573,1.3578361428067172,SL,-53.614280671721026,1.0,0.95
12722,BUY,1.35865,1.3581857070981744,SL,-46.429290182548044,1.0,0.945
12723,BUY,1.35869,1.3582385137340192,SL,-45.14862659807939,1.0,0.95
12725,BUY,1.35859,1.3581379531686186,SL,-45.20468313813364,1.0,0.95
12726,BUY,1.35868,1.3582366707994318,SL,-44.3329200568332,1.0,0.95
12742,SELL,1.35711,1.3578505250688715,SL,-74.0525068871456,1.0,0.95
12743,SELL,1.35727,1.3551074658795725,TP,216.25341204274395,1.0,0.95
12744,SELL,1.35707,1.3577629272277514,SL,-69.29272277513832,1.0,0.95
12747,SELL,1.35669,1.3573930033233854,SL,-70.3003323385465,1.0,0.95
12776,BUY,1.3585,1.3576671294074776,SL,-83.28705925224611,1.0,0.95
12777,BUY,1.3587799999999999,1.357953048735515,SL,-82.69512644849542,1.0,0.95
12778,BUY,1.35872,1.3579339023972639,SL,-78.6097602736069,1.0,0.95
12779,BUY,1.3587799999999999,1.3580350522260307,SL,-74.49477739691623,1.0,0.95
12781,BUY,1.3590200000000001,1.3582834633989755,SL,-73.65366010245734,1.0,0.95
12782,BUY,1.35913,1.3584203588704773,SL,-70.96411295226534,1.0,0.95
12783,BUY,1.35916,1.3584624760940145,SL,-69.7523905985431,1.0,0.95
12784,BUY,1.35889,1.3582090849444421,SL,-68.09150555577847,1.0,0.95
12805,BUY,1.3590900000000001,1.3585610479227317,SL,-52.895207726844085,1.0,0.95
12806,BUY,1.35947,1.3589411159282507,SL,-52.88840717492249,1.0,0.95
12807,BUY,1.35924,1.358717179076233,SL,-52.28209237670978,1.0,0.95
12808,BUY,1.35906,1.3585530948565019,SL,-50.69051434980487,1.0,0.95
12809,BUY,1.35921,1.358716159509609,SL,-49.384049039113975,1.0,0.936
12811,BUY,1.35918,1.3587224130465505,SL,-45.758695344955136,1.0,0.95
12831,BUY,1.3603,1.3619929056944164,TP,169.290569441638,1.0,0.95
12832,BUY,1.36014,1.3618019838591007,TP,166.19838591007687,1.0,0.95
12833,BUY,1.36008,1.361748627869165,TP,166.8627869165107,1.0,0.95
12834,BUY,1.36028,1.3619965830213676,TP,171.65830213676793,1.0,0.95
12835,BUY,1.36023,1.3619428985198414,TP,171.28985198413548,1.0,0.95
12836,BUY,1.3604,1.3620805486255672,TP,168.0548625567102,1.0,0.95
12839,BUY,1.36046,1.3627371265781234,TP,227.71265781234007,1.0,0.95
12840,BUY,1.36038,1.3626005461082573,TP,222.0546108257393,1.0,0.95
12841,BUY,1.3608,1.36199,TIMEOUT,119.00000000000244,1.0,0.95
12886,BUY,1.36237,1.3618086820382858,SL,-56.13179617143249,1.0,0.95
12887,BUY,1.36223,1.3616916333212654,SL,-53.83666787346364,1.0,0.95
12888,BUY,1.36243,1.3619103737983178,SL,-51.96262016822217,1.0,0.95
12889,BUY,1.36225,1.3617494899555809,SL,-50.05100444190891,1.0,0.95
12890,BUY,1.36225,1.3617723835301823,SL,-47.76164698176988,1.0,0.95
12891,BUY,1.36222,1.3617602132780264,SL,-45.97867219735541,1.0,0.95
12892,BUY,1.36205,1.3616033409010244,SL,-44.66590989755659,1.0,0.95
12893,BUY,1.36199,1.3615323879795227,SL,-45.76120204773382,1.0,0.95
12894,BUY,1.3624399999999999,1.3619705031238425,SL,-46.949687615738256,1.0,0.95
12895,BUY,1.36265,1.3621908957578537,SL,-45.910424214623546,1.0,0.95
12896,BUY,1.36261,1.3621605460608643,SL,-44.94539391357577,1.0,0.95
12912,BUY,1.3628,1.3624256919030875,SL,-37.43080969125234,1.0,0.95
12913,BUY,1.3626800000000001,1.3622989996242958,SL,-38.10003757043212,1.0,0.95
12927,SELL,1.36147,1.3619549104992634,SL,-48.491049926346896,1.0,0.95
12932,SELL,1.36117,1.3616854857090852,SL,-51.54857090852172,1.0,0.95
12935,SELL,1.361,1.361549016801334,SL,-54.90168013340124,1.0,0.95
12936,SELL,1.3612199999999999,1.3617658013155243,SL,-54.58013155243968,1.0,0.95
12938,SELL,1.36082,1.3614283695016511,SL,-60.836950165121806,1.0,0.95
12970,BUY,1.36198,1.361423624491214,SL,-55.63755087860667,1.0,0.95
12971,BUY,1.36226,1.3617125084561272,SL,-54.74915438727912,1.0,0.95
12975,BUY,1.36221,1.361697172272372,SL,-51.282772762784035,1.0,0.95
12990,SELL,1.36055,1.3589885484801705,TP,156.14515198294487,1.0,0.95
12997,SELL,1.35984,1.3605448351846205,SL,-70.48351846206114,1.0,0.95
12998,SELL,1.36003,1.3579701019856998,TP,205.98980143002876,1.0,0.95
12999,SELL,1.36028,1.3582740232724353,TP,200.59767275646402,1.0,0.95
13000,SELL,1.36016,1.35820409303869,TP,195.59069613099834,1.0,0.95
13001,SELL,1.35986,1.3578830863930695,TP,197.69136069305304,1.0,0.95
13002,SELL,1.3599999999999999,1.3580935802221357,TP,190.641977786421,1.0,0.95
13003,SELL,1.3599999999999999,1.358110824491983,TP,188.9175508016816,1.0,0.95
13067,BUY,1.3634,1.3625600171616696,SL,-83.9982838330311,1.0,0.95
13068,BUY,1.36357,1.362756801650122,SL,-81.31983498780303,1.0,0.95
13072,BUY,1.36331,1.3626895260709941,SL,-62.04739290058825,1.0,0.938
13094,BUY,1.3637000000000001,1.3631693444861699,SL,-53.06555138302471,1.0,0.95
13095,BUY,1.36408,1.3635401055943004,SL,-53.989440569957026,1.0,0.95
13110,BUY,1.36425,1.363833445622702,SL,-41.65543772980396,1.0,0.95
13119,SELL,1.36257,1.3632496057587813,SL,-67.96057587812321,1.0,0.95
13120,SELL,1.36258,1.3632342053474396,SL,-65.42053474396513,1.0,0.95
13125,SELL,1.36246,1.3630880557469858,SL,-62.80557469857673,1.0,0.934
13126,SELL,1.3622,1.3628217660507727,SL,-62.17660507725764,1.0,0.95
13127,SELL,1.36232,1.362939354190003,SL,-61.93541900030297,1.0,0.95
13128,SELL,1.36263,1.3632574003192885,SL,-62.74003192885402,1.0,0.95
13129,SELL,1.36257,1.3631988717250538,SL,-62.88717250537701,1.0,0.95
13130,SELL,1.36266,1.3632756666018355,SL,-61.566660183554056,1.0,0.95
13146,BUY,1.36387,1.363142646409537,SL,-72.73535904628315,1.0,0.95
13147,BUY,1.3637299999999999,1.3630031716659987,SL,-72.68283340011727,1.0,0.95
13149,BUY,1.36396,1.3632383367936418,SL,-72.16632063582473,1.0,0.95
13179,BUY,1.36612,1.3653806913858695,SL,-73.93086141305183,1.0,0.95
13180,BUY,1.36608,1.3653624277154501,SL,-71.75722845498278,1.0,0.95
13181,BUY,1.36579,1.3650743971643466,SL,-71.56028356534172,1.0,0.95
13182,BUY,1.36601,1.3652908687954646,SL,-71.91312045353726,1.0,0.95
13183,BUY,1.36585,1.3651554495957887,SL,-69.45504042112915,1.0,0.95
13206,SELL,1.36505,1.365472318472257,SL,-42.231847225693286,1.0,0.95
13211,SELL,1.36542,1.365827511409903,SL,-40.751140990291645,1.0,0.95
13216,SELL,1.36511,1.3655435963994116,SL,-43.35963994115399,1.0,0.946
13218,SELL,1.36478,1.3652191315892888,SL,-43.91315892886549,1.0,0.95
13219,SELL,1.36489,1.3653149079043394,SL,-42.49079043394666,1.0,0.944
13228,SELL,1.36436,1.3648134165466808,SL,-45.34165466807405,1.0,0.95
13243,BUY,1.36872,1.3674853421065136,SL,-123.46578934863129,1.0,0.95
13244,BUY,1.36799,1.3667299605274772,SL,-126.00394725228448,1.0,0.95
13245,BUY,1.3686099999999999,1.3673596062040858,SL,-125.03937959140731,1.0,0.95
13246,BUY,1.36845,1.3672503486180796,SL,-119.96513819203525,1.0,0.95
13247,BUY,1.36875,1.3675567522882168,SL,-119.32477117830854,1.0,0.95
13248,BUY,1.36893,1.3677855556962013,SL,-114.44443037986751,1.0,0.95
13249,BUY,1.36882,1.367706944575044,SL,-111.30554249558777,1.0,0.95
13250,BUY,1.36841,1.367317519962541,SL,-109.24800374589871,1.0,0.95
13253,SELL,1.3682400000000001,1.3690117211785124,SL,-77.1721178512319,1.0,0.95
13254,SELL,1.36825,1.3689948839514756,SL,-74.488395147565,1.0,0.95
13255,SELL,1.36823,1.3689448208120847,SL,-71.48208120846266,1.0,0.95
13256,SELL,1.36805,1.3687471907540785,SL,-69.71907540784805,1.0,0.95
13257,SELL,1.36771,1.3684088199859301,SL,-69.88199859301325,1.0,0.95
13258,SELL,1.36771,1.3683726185583636,SL,-66.26185583635814,1.0,0.95
13259,SELL,1.36767,1.3682981458041947,SL,-62.81458041947907,1.0,0.95
13261,SELL,1.36795,1.3685884114332088,SL,-63.841143320875204,1.0,0.95
13283,BUY,1.36869,1.3681303559352391,SL,-55.96440647608336,1.0,0.95
13284,BUY,1.36862,1.3680771876541507,SL,-54.28123458492973,1.0,0.95
13294,BUY,1.36918,1.3687517868049508,SL,-42.821319504926514,1.0,0.946
13296,BUY,1.36939,1.3689848978063095,SL,-40.51021936906096,1.0,0.95
13298,BUY,1.3691200000000001,1.368725825149318,SL,-39.417485068216074,1.0,0.95
13299,BUY,1.36924,1.3688559804957952,SL,-38.401950420485775,1.0,0.95
13300,BUY,1.36923,1.3688579818889526,SL,-37.20181110473675,1.0,0.95
13313,SELL,1.36714,1.3677919572509973,SL,-65.19572509973148,1.0,0.95
13314,SELL,1.36712,1.3677511031616403,SL,-63.11031616403895,1.0,0.95
13315,SELL,1.36692,1.3675595957929516,SL,-63.95957929516971,1.0,0.95
13316,SELL,1.36691,1.3675285532363124,SL,-61.85532363123247,1.0,0.95
13323,SELL,1.36652,1.3671277251387464,SL,-60.772513874640666,1.0,0.95
13324,SELL,1.3667099999999999,1.3673418162002644,SL,-63.181620026453444,1.0,0.95
13333,SELL,1.366,1.3666386815496048,SL,-63.86815496046694,1.0,0.95
13352,BUY,1.36725,1.3687062371756538,TP,145.6237175653685,1.0,0.95
13353,BUY,1.36727,1.3686715059488213,TP,140.15059488212688,1.0,0.95
13354,BUY,1.3673899999999999,1.3688092555239053,TP,141.92555239054272,1.0,0.95
13359,BUY,1.36781,1.3671127422714147,SL,-69.72577285853099,1.0,0.941
13360,BUY,1.36776,1.3670932606805994,SL,-66.67393194006443,1.0,0.95
13363,BUY,1.3672900000000001,1.368605846417437,TP,131.58464174369834,1.0,0.95
13365,BUY,1.36731,1.3685431532885044,TP,123.3153288504374,1.0,0.95
13366,BUY,1.36727,1.3684536423393254,TP,118.36423393254414,1.0,0.946
13367,BUY,1.36742,1.3685555250293737,TP,113.55250293736407,1.0,0.95
13368,BUY,1.36765,1.3687687018129897,TP,111.87018129896754,1.0,0.95
13369,BUY,1.36767,1.3687409373977761,TP,107.09373977761949,1.0,0.95
13370,BUY,1.36782,1.368853013297935,TP,103.3013297935037,1.0,0.95
13372,BUY,1.36791,1.368867139017097,TP,95.71390170970417,1.0,0.945
13373,BUY,1.36815,1.3691073433730188,TP,95.73433730187818,1.0,0.95
13374,BUY,1.3682400000000001,1.3692039617035177,TP,96.39617035175351,1.0,0.95
13383,BUY,1.36908,1.3686007376530276,SL,-47.92623469724866,1.0,0.95
13384,BUY,1.36891,1.368429613534954,SL,-48.0386465046001,1.0,0.95
13385,BUY,1.36914,1.3686532125681716,SL,-48.67874318283949,1.0,0.95
13386,BUY,1.36927,1.3687901259561595,SL,-47.987404384053356,1.0,0.95
13387,BUY,1.36923,1.3687619026735764,SL,-46.80973264235,1.0,0.95
13388,BUY,1.36936,1.3689039096254638,SL,-45.60903745360889,1.0,0.95
13389,BUY,1.36933,1.3688914875093594,SL,-43.85124906405302,1.0,0.95
13390,BUY,1.36927,1.368844595544405,SL,-42.540445559491324,1.0,0.95
13391,BUY,1.3691499999999999,1.3687303387198047,SL,-41.9661280195216,1.0,0.95
13392,BUY,1.36925,1.3688442430969616,SL,-40.57569030384567,1.0,0.95
13393,BUY,1.36928,1.368858225732893,SL,-42.17742671071001,1.0,0.95
13394,BUY,1.3691900000000001,1.3687758524662579,SL,-41.414753374224844,1.0,0.95
13395,BUY,1.36925,1.3688418630043822,SL,-40.81369956179248,1.0,0.948
13414,BUY,1.37059,1.3699091726263724,SL,-68.08273736276237,1.0,0.95
13415,BUY,1.37087,1.3701970888673458,SL,-67.29111326542193,1.0,0.95
13416,BUY,1.37093,1.3702697968053925,SL,-66.02031946074672,1.0,0.95
13417,BUY,1.37097,1.3703151684621502,SL,-65.48315378498427,1.0,0.95
13418,BUY,1.3709500000000001,1.3703044421434254,SL,-64.55578565747189,1.0,0.95
13442,BUY,1.3713600000000001,1.370621991780444,SL,-73.80082195560522,1.0,0.95
13447,SELL,1.37042,1.3688166910464035,TP,160.3308953596505,1.0,0.95
13453,SELL,1.37005,1.3685356540287474,TP,151.4345971252551,1.0,0.95
13454,SELL,1.3701400000000001,1.3708741606295103,SL,-73.416062951015,1.0,0.95
13455,SELL,1.36992,1.3706295777274022,SL,-70.95777274022109,1.0,0.95
13460,SELL,1.36963,1.3702612531853178,SL,-63.125318531787045,1.0,0.95
13461,SELL,1.36941,1.3700229493863665,SL,-61.29493863664681,1.0,0.95
13462,SELL,1.36951,1.370098453001626,SL,-58.84530016260214,1.0,0.95
13463,SELL,1.3694899999999999,1.3700546349300813,SL,-56.46349300814091,1.0,0.95
13464,SELL,1.36945,1.370002161006504,SL,-55.2161006504015,1.0,0.95
13465,SELL,1.36939,1.369919863791754,SL,-52.9863791753904,1.0,0.95
13466,SELL,1.36965,1.3701709449494857,SL,-52.09449494856244,1.0,0.95
13494,BUY,1.37003,1.3695565641073237,SL,-47.34358926763438,1.0,0.95
13495,BUY,1.37025,1.3697621666710862,SL,-48.78333289137782,1.0,0.95
13499,BUY,1.37051,1.3699509648920474,SL,-55.90351079525213,1.0,0.95
13500,BUY,1.37055,1.369983753114044,SL,-56.62468859559677,1.0,0.95
13501,BUY,1.37005,1.3694641993201837,SL,-58.5800679816284,1.0,0.95
13502,BUY,1.37015,1.3695481850830278,SL,-60.18149169721987,1.0,0.95
13504,BUY,1.3703699999999999,1.3697372106073045,SL,-63.27893926953987,1.0,0.95
13505,BUY,1.37072,1.3700756241353542,SL,-64.43758646457187,1.0,0.95
13516,SELL,1.36942,1.3700900823040203,SL,-67.00823040202141,1.0,0.95
13518,SELL,1.36948,1.3701102200382833,SL,-63.02200382832801,1.0,0.95
13538,BUY,1.37064,1.3723557011136933,TP,171.57011136932354,1.0,0.938
13539,BUY,1.37084,1.3701675967291997,SL,-67.24032708003148,1.0,0.95
13540,BUY,1.3707099999999999,1.372326650450072,TP,161.6650450072088,1.0,0.95
13616,BUY,1.37239,1.3717967618071434,SL,-59.32381928566155,1.0,0.95
13617,BUY,1.37233,1.3717427073923474,SL,-58.729260765266744,1.0,0.95
13618,BUY,1.37214,1.371518585435751,SL,-62.14145642489122,1.0,0.95
13621,BUY,1.37215,1.3746078383356282,TP,245.7838335628182,1.0,0.95
13622,BUY,1.37242,1.3716163833723056,SL,-80.36166276943479,1.0,0.95
13649,SELL,1.37185,1.3724130587726375,SL,-56.30587726375147,1.0,0.95
13653,SELL,1.37168,1.3722151160351235,SL,-53.511603512346184,1.0,0.95
13670,BUY,1.37381,1.3754986130007496,TP,168.8613000749628,1.0,0.95
13671,BUY,1.3738299999999999,1.375497640643553,TP,166.7640643553181,1.0,0.95
13672,BUY,1.37399,1.3756445948832996,TP,165.45948832995538,1.0,0.95
13673,BUY,1.37391,1.3754978381059209,TP,158.78381059208914,1.0,0.95
13674,BUY,1.37391,1.3754551353840694,TP,154.51353840694182,1.0,0.95
13675,BUY,1.37399,1.3754858399994931,TP,149.58399994930983,1.0,0.95
13676,BUY,1.37399,1.3754432799995293,TP,145.32799995292666,1.0,0.95
13677,BUY,1.37416,1.37556411714242,TP,140.41171424199473,1.0,0.95
13721,BUY,1.37618,1.3753404903919964,SL,-83.9509608003608,1.0,0.95
13722,BUY,1.37572,1.374888169649711,SL,-83.18303502889978,1.0,0.95
13730,SELL,1.37422,1.3750361415285919,SL,-81.6141528591885,1.0,0.95
13746,BUY,1.37492,1.3742515847440397,SL,-66.84152559601753,1.0,0.95
13747,BUY,1.3747,1.3763009639870503,TP,160.096398705023,1.0,0.95
13751,BUY,1.3752900000000001,1.3746876497039344,SL,-60.23502960657012,1.0,0.95
13764,BUY,1.37572,1.3751192646661643,SL,-60.07353338357557,1.0,0.95
13767,BUY,1.37581,1.3752296284517358,SL,-58.037154826418025,1.0,0.95
13775,SELL,1.37535,1.3741122473995542,TP,123.7752600445896,1.0,0.95
13777,SELL,1.37507,1.373820917400636,TP,124.90825993640709,1.0,0.95
13778,SELL,1.37526,1.3740101375863047,TP,124.98624136951797,1.0,0.95
13779,SELL,1.37523,1.3740136991872829,TP,121.63008127170639,1.0,0.937
13781,SELL,1.37474,1.373512169197198,TP,122.78308028019768,1.0,0.95
13782,SELL,1.3746399999999999,1.373429157111684,TP,121.08428883159661,1.0,0.95
13784,SELL,1.37456,1.3751867919595036,SL,-62.67919595035476,1.0,0.95
13786,SELL,1.37427,1.3749501165365108,SL,-68.01165365106776,1.0,0.95
13787,SELL,1.37455,1.37523939392676,SL,-68.93939267600402,1.0,0.95
13788,SELL,1.37433,1.3750087229319916,SL,-67.87229319915599,1.0,0.95
13796,SELL,1.37421,1.3749069606168618,SL,-69.69606168618637,1.0,0.95
13837,SELL,1.3736,1.3742073120009242,SL,-60.731200092423165,1.0,0.946
13841,SELL,1.37366,1.3741897730648271,SL,-52.97730648270438,1.0,0.95
13849,SELL,1.3737300000000001,1.3741210731324314,SL,-39.10731324312522,1.0,0.95
13850,SELL,1.37368,1.3740594250515434,SL,-37.9425051543425,1.0,0.95
13851,SELL,1.3739,1.3742711804050045,SL,-37.11804050046119,1.0,0.95
13857,BUY,1.37485,1.3744464569759012,SL,-40.35430240987292,1.0,0.95
13859,BUY,1.37484,1.374399291984323,SL,-44.07080156769716,1.0,0.95
13861,BUY,1.37485,1.374404246659952,SL,-44.575334004792744,1.0,0.95
13862,BUY,1.37474,1.3743063718985271,SL,-43.36281014729604,1.0,0.95
13863,BUY,1.37466,1.3757352080927054,TP,107.52080927054486,1.0,0.95
13865,BUY,1.37443,1.3754852049370776,TP,105.52049370775585,1.0,0.95
13866,BUY,1.37454,1.3755562617272865,TP,101.6261727286416,1.0,0.95
13867,BUY,1.37465,1.37563224303248,TP,98.22430324801789,1.0,0.95
13868,BUY,1.37472,1.3743380240165073,SL,-38.197598349265505,1.0,0.95
13869,BUY,1.37488,1.3745030223010426,SL,-37.697769895750355,1.0,0.95
13870,BUY,1.37515,1.3747639492795396,SL,-38.60507204604957,1.0,0.95
13871,BUY,1.37523,1.3748526671881438,SL,-37.73328118561459,1.0,0.95
13872,BUY,1.375,1.3746187623889907,SL,-38.123761100927744,1.0,0.95
13873,BUY,1.37521,1.3748217079326344,SL,-38.82920673656809,1.0,0.95
13895,BUY,1.37619,1.375509646559983,SL,-68.03534400170452,1.0,0.95
13922,SELL,1.37513,1.3758776997418858,SL,-74.76997418858211,1.0,0.95
13923,SELL,1.37516,1.3758722926174654,SL,-71.22926174654154,1.0,0.95
13924,SELL,1.37484,1.3755485574305037,SL,-70.85574305036869,1.0,0.95
13925,SELL,1.37499,1.3756728033283248,SL,-68.28033283248215,1.0,0.95
13926,SELL,1.37486,1.3755291745191587,SL,-66.91745191587106,1.0,0.95
13927,SELL,1.37491,1.3755588049106475,SL,-64.88049106474492,1.0,0.95
13928,SELL,1.37474,1.3753818902741726,SL,-64.18902741724963,1.0,0.95
13929,SELL,1.37491,1.3755480409688745,SL,-63.80409688744315,1.0,0.95
13931,SELL,1.37497,1.375661759814999,SL,-69.17598149989158,1.0,0.95
13932,SELL,1.375,1.3756894912567847,SL,-68.94912567847467,1.0,0.95
13933,SELL,1.37509,1.3757499561670143,SL,-65.99561670144195,1.0,0.95
13934,SELL,1.37479,1.3754345307265132,SL,-64.45307265132705,1.0,0.941
13950,BUY,1.37537,1.37706032860678,TP,169.03286067799783,1.0,0.944
13955,BUY,1.3755600000000001,1.3773828088452675,TP,182.28088452674206,1.0,0.949
13956,BUY,1.37535,1.377135822499177,TP,178.58224991769146,1.0,0.95
13957,BUY,1.37544,1.377223620892093,TP,178.36208920929408,1.0,0.95
13958,BUY,1.37557,1.377354790828372,TP,178.47908283721293,1.0,0.95
13959,BUY,1.37558,1.3773562343406314,TP,177.62343406313443,1.0,0.95
13960,BUY,1.37561,1.377320431887729,TP,171.04318877290137,1.0,0.95
13961,BUY,1.37527,1.3764188387876417,TP,114.8838787641715,1.0,0.95
13962,BUY,1.37531,1.3764132074456674,TP,110.32074456673868,1.0,0.95
13963,BUY,1.37552,1.3765979783424056,TP,107.79783424055279,1.0,0.95
13964,BUY,1.37541,1.3765138370322336,TP,110.3837032233601,1.0,0.95
13965,BUY,1.37572,1.3768199915299313,TP,109.99915299312323,1.0,0.95
13966,BUY,1.37583,1.3769199921349362,TP,108.9992134936102,1.0,0.95
13967,BUY,1.37594,1.376988564125298,TP,104.85641252979683,1.0,0.95
13980,BUY,1.3768099999999999,1.3762959088130422,SL,-51.40911869576659,1.0,0.95
13981,BUY,1.3768,1.3762763438978252,SL,-52.365610217486314,1.0,0.95
13982,BUY,1.37664,1.3761117479051235,SL,-52.82520948766134,1.0,0.95
13989,BUY,1.37716,1.3766404003663548,SL,-51.95996336451181,1.0,0.95
13990,BUY,1.3768799999999999,1.3763606574830436,SL,-51.93425169562893,1.0,0.95
13991,BUY,1.37684,1.3763234676628264,SL,-51.653233717363634,1.0,0.95
14023,SELL,1.37482,1.3757195703400944,SL,-89.95703400944689,1.0,0.95
14024,SELL,1.37469,1.375568172458659,SL,-87.81724586590656,1.0,0.95
14050,BUY,1.37521,1.3763532151251223,TP,114.32151251222766,1.0,0.946
14060,BUY,1.37634,1.3780029408438403,TP,166.29408438404437,1.0,0.95
14061,BUY,1.37614,1.377767730783566,TP,162.77307835661503,1.0,0.95
14062,BUY,1.37616,1.3777325357275971,TP,157.25357275970796,1.0,0.95
14063,BUY,1.37628,1.3777948546041972,TP,151.48546041972023,1.0,0.95
14064,BUY,1.37634,1.3778173649896117,TP,147.73649896118178,1.0,0.95
14065,BUY,1.3766,1.3761073632175012,SL,-49.263678249888976,1.0,0.95
14066,BUY,1.3765399999999999,1.3760600515591082,SL,-47.994844089171984,1.0,0.95
14067,BUY,1.37634,1.3778152135139128,TP,147.52135139128876,1.0,0.95
14068,BUY,1.37623,1.3776930554057762,TP,146.30554057761813,1.0,0.95
14069,BUY,1.37603,1.3774978371625066,TP,146.78371625065355,1.0,0.95
14070,BUY,1.37636,1.377902991650899,TP,154.2991650898884,1.0,0.95
14106,BUY,1.3789,1.3778415272649538,SL,-105.84727350462231,1.0,0.95
14107,BUY,1.37888,1.3778617753174571,SL,-101.82246825429786,1.0,0.95
14108,BUY,1.37904,1.3780195056519244,SL,-102.04943480756069,1.0,0.95
14109,BUY,1.37886,1.3778652552482153,SL,-99.47447517846264,1.0,0.95
14110,BUY,1.37901,1.3780359513019145,SL,-97.40486980855945,1.0,0.95
14111,BUY,1.37856,1.3775708833517777,SL,-98.91166482223213,1.0,0.934
14112,BUY,1.3784399999999999,1.3776589419184633,SL,-78.1058081536612,1.0,0.95
14118,SELL,1.37734,1.3781521560252163,SL,-81.21560252163374,1.0,0.95
14122,SELL,1.37797,1.3787536503601676,SL,-78.3650360167698,1.0,0.95
14128,SELL,1.37764,1.3783114859305157,SL,-67.14859305156918,1.0,0.95
14129,SELL,1.37753,1.3781886655069073,SL,-65.86655069074077,1.0,0.95
14130,SELL,1.37726,1.3779067608278426,SL,-64.67608278426518,1.0,0.95
14148,BUY,1.37878,1.3799615815054818,TP,118.15815054818657,1.0,0.95
14149,BUY,1.37874,1.3798864685408045,TP,114.64685408044684,1.0,0.95
14150,BUY,1.37884,1.3805461526104064,TP,170.61526104062975,1.0,0.95
14151,BUY,1.37911,1.3785433337158266,SL,-56.6666284173456,1.0,0.95
14152,BUY,1.37892,1.378359524164696,SL,-56.047583530394185,1.0,0.95
14153,BUY,1.37897,1.3784313438672178,SL,-53.86561327822559,1.0,0.95
14154,BUY,1.37914,1.378613033590988,SL,-52.6966409011953,1.0,0.95
14155,BUY,1.37896,1.378439602620203,SL,-52.03973797969219,1.0,0.95
14156,BUY,1.37881,1.3803400355580056,TP,153.00355580054602,1.0,0.95
14157,BUY,1.3790200000000001,1.3785089175653793,SL,-51.108243462083536,1.0,0.95
14158,BUY,1.37889,1.3783929234535663,SL,-49.70765464336058,1.0,0.95
14162,BUY,1.3792900000000001,1.3787547980465773,SL,-53.520195342282584,1.0,0.95
14186,BUY,1.38009,1.3796273177241454,SL,-46.26822758546645,1.0,0.95
14189,BUY,1.38033,1.3796551016034746,SL,-67.48983965254584,1.0,0.95
14190,BUY,1.38035,1.3796590229175119,SL,-69.0977082488109,1.0,0.95
14192,BUY,1.37997,1.3815544910912292,TP,158.44910912292676,1.0,0.95
14193,BUY,1.38006,1.381674884584713,TP,161.4884584713039,1.0,0.95
14194,BUY,1.37978,1.381380249971519,TP,160.02499715190854,1.0,0.95
14203,BUY,1.38147,1.3805883239539363,SL,-88.16760460637063,1.0,0.95
14204,BUY,1.38144,1.3805784436715123,SL,-86.15563284877226,1.0,0.95
14214,BUY,1.38089,1.3802881431216876,SL,-60.1856878312379,1.0,0.95
14238,SELL,1.38034,1.3808940329433532,SL,-55.4032943353322,1.0,0.95
14239,SELL,1.3798,1.380380459161685,SL,-58.04591616851429,1.0,0.95
14241,SELL,1.37976,1.3803167020322695,SL,-55.67020322694294,1.0,0.95
14242,SELL,1.37992,1.3804575090299644,SL,-53.75090299644114,1.0,0.95
14249,BUY,1.38077,1.3819187214387727,TP,114.87214387726485,1.0,0.935
14251,BUY,1.38099,1.3805441552588722,SL,-44.58447411277433,1.0,0.95
14252,BUY,1.38093,1.38049800131181,SL,-43.1998688189994,1.0,0.95
14259,BUY,1.38123,1.380815547101348,SL,-41.445289865205126,1.0,0.95
14260,BUY,1.38113,1.380702293736966,SL,-42.770626303401116,1.0,0.95
14261,BUY,1.38099,1.3805628441843254,SL,-42.71558156745403,1.0,0.95
14262,BUY,1.38098,1.3820166117149586,TP,103.6611714958502,1.0,0.95
14263,BUY,1.38134,1.3809035442201583,SL,-43.6455779841749,1.0,0.95
14266,BUY,1.38155,1.380992546761884,SL,-55.745323811606795,1.0,0.95
14267,BUY,1.38155,1.3809745077074638,SL,-57.549229253628376,1.0,0.95
14268,BUY,1.3816,1.3810431142997877,SL,-55.6885700212284,1.0,0.95
14285,SELL,1.38074,1.379639204499287,TP,110.0795500713181,1.0,0.95
14286,SELL,1.38067,1.3795728327493377,TP,109.71672506623342,1.0,0.95
14287,SELL,1.3805,1.3809409478359604,SL,-44.094783596038134,1.0,0.95
14289,SELL,1.38071,1.3795494874454428,TP,116.05125545572915,1.0,0.95
14291,SELL,1.3805,1.3809726257586126,SL,-47.262575861251044,1.0,0.95
14292,SELL,1.3804400000000001,1.3809182953472832,SL,-47.82953472830531,1.0,0.95
14294,SELL,1.38008,1.3805682648657696,SL,-48.82648657695832,1.0,0.95
14296,SELL,1.38012,1.380752785473948,SL,-63.278547394807205,1.0,0.95
14299,SELL,1.3798,1.3804299452209416,SL,-62.994522094173,1.0,0.95
14300,SELL,1.37991,1.3805206634194458,SL,-61.06634194458227,1.0,0.95
14337,BUY,1.38086,1.3805113753358211,SL,-34.862466417884264,1.0,0.95
14338,BUY,1.3808099999999999,1.380467419954691,SL,-34.258004530896,1.0,0.95
14339,BUY,1.38082,1.3804898899579272,SL,-33.011004207272876,1.0,0.95
14340,BUY,1.3808,1.380482326389504,SL,-31.76736104959499,1.0,0.95
14341,BUY,1.38098,1.3806653030759681,SL,-31.469692403196525,1.0,0.95
14342,BUY,1.3809,1.3805880671419704,SL,-31.19328580296621,1.0,0.95
14343,BUY,1.38083,1.3805249194889724,SL,-30.508051102762224,1.0,0.934
14348,BUY,1.3808099999999999,1.3805264887655049,SL,-28.351123449499305,1.0,0.939
14350,BUY,1.3811,1.3808191153131142,SL,-28.088468688580726,1.0,0.942
14351,BUY,1.3813,1.381018607076463,SL,-28.139292353701606,1.0,0.95
14352,BUY,1.38123,1.3809507065710014,SL,-27.929342899857268,1.0,0.95
14353,BUY,1.3813,1.3810252275302155,SL,-27.47724697844678,1.0,0.95
14354,BUY,1.38141,1.3811359969923431,SL,-27.400300765689778,1.0,0.95
14355,BUY,1.38125,1.3809629972071757,SL,-28.700279282434238,1.0,0.95
14369,SELL,1.38021,1.3806141928957838,SL,-40.41928957838614,1.0,0.95
14370,SELL,1.37995,1.3803493219746563,SL,-39.932197465630814,1.0,0.95
14371,SELL,1.38011,1.3805159418336095,SL,-40.59418336095355,1.0,0.95
14372,SELL,1.3802699999999999,1.3806709459883515,SL,-40.094598835160866,1.0,0.95
14373,SELL,1.38037,1.3807748784177551,SL,-40.48784177550502,1.0,0.95
14374,SELL,1.38005,1.3804713871022012,SL,-42.138710220118725,1.0,0.95
14375,SELL,1.3801999999999999,1.3806221451663296,SL,-42.21451663297682,1.0,0.95
14383,BUY,1.38168,1.3812128951426126,SL,-46.71048573874348,1.0,0.95
14384,BUY,1.38166,1.3810771104333897,SL,-58.28895666104561,1.0,0.95
14407,BUY,1.38165,1.381072290855951,SL,-57.77091440490878,1.0,0.95
14408,BUY,1.3814899999999999,1.3809304129376687,SL,-55.95870623311683,1.0,0.95
14409,BUY,1.3814899999999999,1.3809549548706923,SL,-53.50451293075764,1.0,0.95
14422,SELL,1.38091,1.3813810030416356,SL,-47.10030416354982,1.0,0.95
14424,SELL,1.38074,1.3811756913981448,SL,-43.56913981446997,1.0,0.935
14425,SELL,1.38043,1.3808645705839917,SL,-43.45705839916558,1.0,0.95
14427,SELL,1.38084,1.3812829715749724,SL,-44.29715749723062,1.0,0.95
14428,SELL,1.38057,1.3810104736053315,SL,-44.04736053313929,1.0,0.95
14429,SELL,1.38045,1.380879582633522,SL,-42.95826335221076,1.0,0.95
14449,BUY,1.38119,1.3819621730479197,TP,77.21730479197663,1.0,0.95
14450,BUY,1.3814,1.3821813035444968,TP,78.1303544496792,1.0,0.95
14451,BUY,1.3816899999999999,1.381361230112044,SL,-32.87698879559375,1.0,0.95
14455,BUY,1.38192,1.3829020046835896,TP,98.20046835895546,1.0,0.95
14460,BUY,1.38245,1.3840896776686724,TP,163.96776686724567,1.0,0.95
14463,BUY,1.38263,1.382088405388961,SL,-54.15946110389758,1.0,0.95
14464,BUY,1.38233,1.3839512278450372,TP,162.12278450371542,1.0,0.95
14465,BUY,1.38232,1.3839122115703917,TP,159.22115703916884,1.0,0.95
14466,BUY,1.38238,1.383977410743935,TP,159.7410743935157,1.0,0.95
14467,BUY,1.3826100000000001,1.3820780633411631,SL,-53.19366588369956,1.0,0.95
14468,BUY,1.38288,1.3823410588167944,SL,-53.894118320574336,1.0,0.95
14474,BUY,1.38331,1.3827314012963656,SL,-57.85987036344142,1.0,0.95
14475,BUY,1.38346,1.382878801203768,SL,-58.11987962318632,1.0,0.95
14512,BUY,1.38374,1.3852083525443433,TP,146.83525443432987,1.0,0.941
14514,BUY,1.38394,1.3853083243877244,TP,136.83243877244956,1.0,0.95
14517,BUY,1.3838300000000001,1.3850845877113087,TP,125.45877113085967,1.0,0.947
14518,BUY,1.38387,1.3850692600176435,TP,119.92600176435886,1.0,0.946
14522,BUY,1.38446,1.3861193674001948,TP,165.9367400194789,1.0,0.95
14524,BUY,1.38455,1.3862645565848617,TP,171.45565848617483,1.0,0.95
14526,BUY,1.38476,1.3864149237900083,TP,165.49237900083114,1.0,0.95
14532,BUY,1.38527,1.3867543815872487,TP,148.43815872487286,1.0,0.95
14534,BUY,1.38522,1.3866888545318625,TP,146.8854531862629,1.0,0.95
14535,BUY,1.38535,1.3868007220653011,TP,145.07220653010577,1.0,0.95
14541,BUY,1.3862,1.3855985161920428,SL,-60.14838079573259,1.0,0.95
14542,BUY,1.38614,1.3855621936068967,SL,-57.78063931032307,1.0,0.95
14543,BUY,1.3862,1.3856238226349757,SL,-57.61773650243551,1.0,0.95
14544,BUY,1.3860999999999999,1.3855414067324772,SL,-55.85932675227223,1.0,0.95
14545,BUY,1.38577,1.3851945205373004,SL,-57.54794626995352,1.0,0.95
14546,BUY,1.38584,1.3852734833560647,SL,-56.651664393525536,1.0,0.95
14607,SELL,1.37832,1.379180221235192,SL,-86.0221235192027,1.0,0.95
14640,BUY,1.37869,1.3796158833192613,TP,92.58833192613558,1.0,0.95
14644,BUY,1.37926,1.3803224063796704,TP,106.24063796704775,1.0,0.95
14653,BUY,1.38015,1.382036433298903,TP,188.64332989030342,1.0,0.95
14659,BUY,1.38067,1.3800637951634716,SL,-60.62048365285122,1.0,0.95
14660,BUY,1.38059,1.3799970955089378,SL,-59.29044910621961,1.0,0.95
14662,BUY,1.38082,1.3802290262296453,SL,-59.09737703546636,1.0,0.95
14689,SELL,1.3795899999999999,1.3807711431896532,SL,-118.11431896533442,1.0,0.95
14690,SELL,1.3792900000000001,1.3804360615332496,SL,-114.60615332494761,1.0,0.95
14692,SELL,1.37909,1.3801759153016282,SL,-108.59153016282707,1.0,0.933
14694,SELL,1.37965,1.380497447697858,SL,-84.74476978579392,1.0,0.95
14695,SELL,1.37927,1.3801177728622966,SL,-84.77728622966474,1.0,0.95
14698,BUY,1.37899,1.381047428005162,TP,205.74280051619542,1.0,0.94
14718,BUY,1.3804400000000001,1.3819509809250763,TP,151.09809250761774,1.0,0.95
14723,BUY,1.38077,1.3802436484495937,SL,-52.63515504063676,1.0,0.95
14726,BUY,1.38089,1.380403749870174,SL,-48.62501298259492,1.0,0.95
14727,BUY,1.38092,1.38044876773659,SL,-47.12322634099486,1.0,0.95
14728,BUY,1.38076,1.3802838557554051,SL,-47.614424459485605,1.0,0.95
14731,BUY,1.38107,1.3806000623522687,SL,-46.99376477312889,1.0,0.95
14732,BUY,1.38092,1.3804673436128208,SL,-45.265638717917334,1.0,0.95
14733,BUY,1.38089,1.3804568190690478,SL,-43.31809309521262,1.0,0.95
14734,BUY,1.3808099999999999,1.3803863319926872,SL,-42.366800731263865,1.0,0.95
14748,BUY,1.38166,1.3829278675093555,TP,126.78675093553693,1.0,0.95
14755,BUY,1.38186,1.3837417987291916,TP,188.1798729191475,1.0,0.95
14756,BUY,1.38201,1.3839052416771063,TP,189.52416771063073,1.0,0.95
14757,BUY,1.38215,1.3840095101287415,TP,185.9510128741526,1.0,0.95
14775,BUY,1.38369,1.3826283162317687,SL,-106.16837682313474,1.0,0.945
14796,BUY,1.38408,1.3834995708370097,SL,-58.042916299028136,1.0,0.95
14817,BUY,1.38453,1.3841326453071698,SL,-39.73546928301985,1.0,0.95
14821,BUY,1.38474,1.3843750641560308,SL,-36.49358439692385,1.0,0.95
14822,BUY,1.38474,1.3843934167163143,SL,-34.6583283685753,1.0,0.95
14828,BUY,1.38457,1.3842728647687,SL,-29.713523130014963,1.0,0.943
14836,SELL,1.38395,1.3842584809918952,SL,-30.848099189517697,1.0,0.937
14837,SELL,1.3838300000000001,1.3841550180639028,SL,-32.50180639027267,1.0,0.95
14838,SELL,1.38371,1.384042659630767,SL,-33.26596307668961,1.0,0.95
14839,SELL,1.3835600000000001,1.383902326799998,SL,-34.232679999779414,1.0,0.95
14841,SELL,1.3838300000000001,1.3842080674959165,SL,-37.8067495916401,1.0,0.95
14842,SELL,1.38398,1.3843593483890653,SL,-37.93483890652816,1.0,0.95
14852,BUY,1.38507,1.3846621918258988,SL,-40.78081741012429,1.0,0.95
14855,BUY,1.38534,1.384938892653608,SL,-40.11073463920933,1.0,0.95
14856,BUY,1.38513,1.3847258288926358,SL,-40.41711073641263,1.0,0.95
14857,BUY,1.3847,1.384284412543162,SL,-41.55874568381179,1.0,0.95
14870,SELL,1.38316,1.3842450395313601,SL,-108.5039531360188,1.0,0.945
14872,SELL,1.3829099999999999,1.3839812585755094,SL,-107.12585755094928,1.0,0.95
14876,SELL,1.38272,1.383701267210931,SL,-98.12672109310583,1.0,0.95
14893,BUY,1.38385,1.3833087095115837,SL,-54.1290488416335,1.0,0.95
14894,BUY,1.3839000000000001,1.3833870874036136,SL,-51.291259638652775,1.0,0.95
14905,BUY,1.3844400000000001,1.38398754644784,SL,-45.245355216017025,1.0,0.95
14906,BUY,1.38457,1.3841318645587084,SL,-43.8135441291676,1.0,0.95
14907,BUY,1.3845100000000001,1.3840877313759437,SL,-42.22686240564766,1.0,0.95
14908,BUY,1.3841,1.3836641791348048,SL,-43.58208651953355,1.0,0.95
14918,BUY,1.38446,1.3854602490513297,TP,100.02490513296713,1.0,0.95
14921,BUY,1.38467,1.385592025206185,TP,92.20252061850064,1.0,0.95
14922,BUY,1.38475,1.3856447376914574,TP,89.47376914574257,1.0,0.95
14923,BUY,1.38479,1.3856529707134961,TP,86.29707134961694,1.0,0.95
14924,BUY,1.38484,1.385667044233961,TP,82.70442339608496,1.0,0.95
14929,BUY,1.38521,1.3848733774731066,SL,-33.66225268934819,1.0,0.95
14930,BUY,1.3851,1.3847591362250273,SL,-34.08637749726662,1.0,0.95
14931,BUY,1.38531,1.3848479259754782,SL,-46.2074024521808,1.0,0.95
14933,BUY,1.38551,1.384996400458448,SL,-51.359954155194565,1.0,0.95
14934,BUY,1.38521,1.384674157568559,SL,-53.58424314410026,1.0,0.95
14935,BUY,1.3853,1.3847499320279475,SL,-55.00679720524815,1.0,0.95
14936,BUY,1.38555,1.3849952940259513,SL,-55.470597404871924,1.0,0.95
14946,BUY,1.3856899999999999,1.3851914189376595,SL,-49.858106234035304,1.0,0.937
14982,BUY,1.38949,1.388789784940055,SL,-70.02150599448865,1.0,0.95
14983,BUY,1.38955,1.3888708717300513,SL,-67.91282699487589,1.0,0.95
14984,BUY,1.38934,1.38916,TIMEOUT,-18.0000000000069,1.0,0.95
14985,BUY,1.3894,1.3887634557264217,SL,-63.65442735782878,1.0,0.95
14986,BUY,1.3896600000000001,1.3890335660316775,SL,-62.64339683226261,1.0,0.95
14987,BUY,1.38948,1.388860811315129,SL,-61.9188684870986,1.0,0.95
14988,BUY,1.38965,1.3890428962211911,SL,-60.7103778808904,1.0,0.95
14989,BUY,1.38968,1.3890766179196776,SL,-60.338208032240104,1.0,0.95
